"ABAS";"interne Kommentare";"";"";"";"";"Tool";"";"";"";"";"";"";"";"";"";"";"";"";"";"";"";"Art";"";"";"Functional Unit";"";"";"";"";"";"";"";"";"";""
"Description";"";"";"";"";"";"";"";"";"";"(all with Axiotron 300 microscope)";"(all with HSEB microscope)";"";"";"";"";"";"";"";"";"";"";"";"";"";"";"";"";"";"";"";"";"";"";"";""
"TagName";"Name";"unit";"Transport lock / Service";"info";"replacement";"Axiospect 200";"Axiospect 201";"Axiospect 202";"Axiospect 300";"Axiospect 301 ";"Axiospect 302 ";"MIT301";"MIT300";"MMT300";"Legacy/Other";"BALDUR";"ODIN A-30 and 300";"ODIN 201 and 301";"ODIN A-21 MiMa";"WOTAN";"THOR";"optical";"mechanical";"electrical";"microscope, illumination, autofokus";"macro station, DEDO";"edge inspection";"robot,prealigner, loadports";"micro stage, chuck";"power supplies, EMO, computer components";"system frame, transport locks, other hardware";"";"";"";""
"";"";"";"";"";"";"";"";"";"";"";"";"";"";"";"";"";"";"";"";"";"";"";"";"";"";"";"";"";"";"";"";"";"";"";""
"7601-05490";"Encoder bedienpult Axiotron 300";"";"";"";"";"";"";"";"x";"";"";"";"";"";"";"";"";"";"";"";"";" ";"";"x";"x";"";"";"";"";"";"";"";"";"";""
"9010-94202";"Control panel stage, Axiospect 300";"";"";"";"";"";"";"";"x";"";"";"";"";"";"";"";"";"";"";"";"";"";"x";"x";"";"x";"";"";"";"";"";"";"";"";""
"9452-60157";"Control panel microscope, Axiospect 300";"";"";"";"";"";"";"";"x";"";"";"";"";"";"";"";"";"";"";"";"";"";"x";"x";"x";"";"";"";"";"";"";"";"";"";""
"9452-60151";"Objektivrevolver Axiotron 300";"";"";"";"";"";"";"";"x";"x";"";"";"";"";"";"";"";"";"";"";"";"";"x";"";"x";"";"";"";"";"";"";"";"";"";""
"9452-60153";"Netzteil Axiotron 300";"";"";"";"";"";"";"";"x";"x";"";"";"";"";"";"";"";"";"";"";"";"";"";"x";"x";"";"";"";"";"";"";"";"";"";""
"2132-00420";"R-Achsen-Motor";"MIS310";"";"";"";"";"";"x";"";"x";"x";"x";"";"x";"";"";"";"";"";"";"";"";"x";"x";"";"x";"";"";"";"";"";"";"";"";""
"9004-36551";"R-Achsen-Motor";"MIS301";"";"";"";"";"";"";"x";"";"";"x";"";"x";"";"";"";"";"";"";"";"";"x";"x";"";"x";"";"";"";"";"";"";"";"";""
"2132-01002";"MAIS310";"MIS310";"";"";"";"";"";"";"";"x";"x";"x";"";"x";"";"";"";"";"";"";"";"";"x";"x";"";"x";"";"";"";"";"";"";"";"";""
"2133-00101";"MAIS210";"MIS210";"";"";"";"";"";"x";"";"";"";"";"";"";"";"";"";"";"";"";"";"";"";"";"";"";"";"";"";"";"";"";"";"";""
"2132-00451";"Z-Motor Assy";"MIS310";"";"";"";"";"";"x";"";"x";"x";"x";"";"x";"";"";"";"";"";"";"";"";"x";"x";"";"x";"";"";"";"";"";"";"";"";""
"2132-00232";"Tilt Motor Assy";"MIS310";"";"";"";"";"";"x";"";"x";"x";"x";"";"x";"";"";"";"";"";"";"";"";"x";"x";"";"x";"";"";"";"";"";"";"";"";""
"2132-00380";"Gabel Ring Unit";"MIS310";"";"";"";"";"";"";"";"x";"x";"x";"";"x";"";"";"";"";"";"";"";"";"x";"x";"";"x";"";"";"";"";"";"";"";"";""
"2133-00111";"GABELRING-201";"MIS210";"";"";"";"";"";"x";"";"";"";"";"";"";"";"";"";"";"";"";"";"";"x";"x";"";"x";"";"";"";"";"";"";"";"";""
"7500-85202";"Gabel Flip IF Board";"MIS310 MIS301";"";"";"";"";"";"x";"";"x";"x";"x";"";"x";"";"";"";"";"";"";"";"";"x";"x";"";"x";"";"";"";"";"";"";"";"";""
"2132-00045";"Gabel Gripper Motor 1/3";"MIS310 MIS301";"";"";"";"";"";"x";"";"x";"x";"x";"";"x";"";"";"";"";"";"";"";"";"x";"x";"";"x";"";"";"";"";"";"";"";"";""
"2132-00035";"Gabel Gripper Motor 2/4";"MIS310 MIS301";"";"";"";"";"";"x";"";"x";"x";"x";"";"x";"";"";"";"";"";"";"";"";"x";"x";"";"x";"";"";"";"";"";"";"";"";""
"2132-00153";"Gabel Flip Drive Assy";"MIS310 MIS301";"";"";"";"";"";"x";"";"x";"x";"x";"";"x";"";"";"";"";"";"";"";"";"x";"x";"";"x";"";"";"";"";"";"";"";"";""
"2020-20020";"LSP302";"MIS310 LSP";"";"";"";"";"";"";"";"x";"x";"x";"";"x";"";"";"";"";"";"";"";"x";"";"x";"";"x";"";"";"";"";"";"";"";"";""
"2030-20080";"BLU311";"MIS310";"";"";"";"";"";"";"";"x";"x";"x";"";"x";"";"";"";"";"";"";"";"x";"";"x";"";"x";"";"";"";"";"";"";"";"";""
"7386-52612";"NETZGERAET-48V-LEDTREIBER";"BLU311";"";"";"";"";"";"";"";"x";"x";"x";"";"x";"";"";"";"";"";"";"";"";"";"x";"";"x";"";"";"";"";"";"";"";"";""
"7600-00052";"LED-BOARD-SEITEC";"BLU311";"";"";"";"";"";"";"";"x";"x";"x";"";"x";"";"";"";"";"";"";"";"x";"";"x";"";"x";"";"";"";"";"";"";"";"";""
"7300-30100";"NETZTEIL24V";"BLU311";"";"";"";"";"";"";"";"x";"x";"x";"";"x";"";"";"";"";"";"";"";"";"";"x";"";"x";"";"";"";"";"";"";"";"";""
"7500-67601";"LEITERPLATTE-676.01";"BLU311";"";"";"";"";"";"";"";"x";"x";"x";"";"x";"";"";"";"";"";"";"";"";"";"x";"";"x";"";"";"";"";"";"";"";"";""
"2030-20091";"BG-NT-HLG";"BLU311";"";"";"";"";"";"";"";"x";"x";"x";"";"x";"";"";"";"";"";"";"";"";"";"x";"";"x";"";"";"";"";"";"";"";"";""
"7500-43350";"LEITERPLATTE433VOLL";"BLU311 BLU210";"";"";"";"";"";"";"";"x";"x";"x";"";"x";"";"";"";"";"";"";"";"";"";"x";"";"x";"";"";"";"";"";"";"";"";""
"2028-00010";"BLU-210";"BLU210";"";"";"";"";"";"x";"";"";"";"";"";"";"";"";"";"";"";"";"";"x";"";"x";"";"x";"";"";"";"";"";"";"";"";""
"7324-15000";"NETZTEIL150W24V";"BLU210";"";"";"";"";"";"x";"";"";"";"";"";"";"";"";"";"";"";"";"";"x";"";"x";"";"x";"";"";"";"";"";"";"";"";""
"7511-00102";"LEITERPLATTE001BLUXXX";"BLU210 BLU303";"";"";"";"";"";"x";"";"";"";"";"";"";"";"";"";"";"";"";"";"";"";"x";"";"x";"";"";"";"";"";"";"";"";""
"7500-08100";"LEITERPLATTE081";"BLU210";"";"";"";"";"";"x";"";"";"";"";"";"";"";"";"";"";"";"";"";"";"";"x";"";"x";"";"";"";"";"";"";"";"";""
"4065-61174";"IEC-KOMBI";"BLU210";"";"";"";"";"";"x";"";"";"";"";"";"";"";"";"";"";"";"";"";"";"";"x";"";"x";"";"";"";"";"";"";"";"";""
"0017-20680";"FFU-TRANS-W";"FFU";"T";"";"0017-20681";"";"";"";"";"x";"x";"";"";"";"";"";"";"";"";"";"";"";"x";"";"";"";"";"";"";"";"x";"";"";"";""
"0017-20681";"FFU-TRANS-W";"FFU";"T";"";"";"";"";"";"";"x";"x";"";"";"";"";"";"";"";"";"";"";"";"x";"";"";"";"";"";"";"";"x";"";"";"";""
"0017-20600";"KLOTZ2 ";"Micro-Leveling";"S";"";"";"";"";"";"";"";"x";"";"";"";"";"";"";"";"";"";"";"";"x";"";"x";"";"";"";"";"";"";"";"";"";""
"4000-28241";"TEACH-PENDANT-TP5000";"5m";"S";"";"";"";"";"";"";"x";"x";"";"";"";"";"x";"x";"";"";"";"";"";"";"x";"";"";"";"x";"";"";"";"";"";"";""
"4000-28242";"TEACH-PENDANT-OP5000-1";"3m";"S";"";"";"";"";"";"";"x";"x";"";"";"";"";"x";"x";"x";"";"x";"x";"";"";"x";"";"";"";"x";"";"";"";"";"";"";""
"4000-28244";"TEACH-PENDANT-5M-OP5000-1012";"5m";"S";"";"";"";"";"";"";"x";"x";"";"";"";"";"x";"x";"x";"";"x";"x";"";"";"x";"";"";"";"x";"";"";"";"";"";"";""
"2017-10090";"BG-CMU-MAINSWITCH";"CMU";"";"";"";"";"";"";"";"x";"x";"";"";"";"";"";"";"";"";"";"";"";"";"x";"";"";"";"";"";"x";"";"";"";"";""
"7321-37069";"NETZFILTER-20A-B84112BB120";"CMU";"";"";"";"";"";"";"";"";"x";"";"";"";"";"";"";"";"";"";"";"";"";"x";"";"";"";"";"";"x";"";"";"";"";""
"7217-22003";"FI-SCHALTER-20A-300MA";"CMU";"";"";"";"";"";"";"";"";"x";"";"";"";"";"";"";"";"";"";"";"";"";"x";"";"";"";"";"";"x";"";"";"";"";""
"7300-30102";"NETZTEIL12V2.5A";"CMU";"";"";"";"";"";"";"";"";"x";"";"";"";"";"";"";"";"";"";"";"";"";"x";"";"";"";"";"";"x";"";"";"";"";""
"7324-10241";"NETZTEIL24V10A";"CMU";"";"";"";"";"";"";"";"";"x";"";"";"";"";"";"";"";"";"";"";"";"";"x";"";"";"";"";"";"x";"";"";"";"";""
"7324-12000";"NETZTEIL24V5A";"CMU";"";"";"";"";"";"";"";"";"x";"";"";"";"";"";"";"";"";"";"";"";"";"x";"";"";"";"";"";"x";"";"";"";"";""
"7307-51104";"SCHALTGERAET-SC4";"CMU";"";"";"";"";"";"";"";"";"x";"";"";"";"";"";"";"";"";"";"";"";"";"x";"";"";"";"";"";"x";"";"";"";"";""
"7001-23001";"SCHUETZ-AL12-30-01";"CMU";"";"";"";"";"";"";"";"";"x";"";"";"";"";"";"";"";"";"";"";"";"";"x";"";"";"";"";"";"x";"";"";"";"";""
"7711-69327";"RELAIS48-61";"CMU";"";"";"";"";"";"";"";"";"x";"";"";"";"";"";"";"";"";"";"";"";"";"x";"";"";"";"";"";"x";"";"";"";"";""
"7732-97409";"RELAIS-S48.51-1POL-10A-24V.DC";"CMU";"";"";"";"";"";"";"";"";"x";"";"";"";"";"";"";"";"";"";"";"";"";"x";"";"";"";"";"";"x";"";"";"";"";""
"7367-21420";"CPU224XP";"CMU";"";"";"";"";"";"x";"";"x";"x";"";"";"";"";"";"x";"";"x";"";"";"";"";"x";"";"";"";"";"";"x";"";"";"";"";""
"7367-22200";"DIGITALAUSGABE";"CMU";"";"";"";"";"";"x";"";"x";"x";"";"";"";"";"";"x";"";"x";"";"";"";"";"x";"";"";"";"";"";"x";"";"";"";"";""
"7167-90100";"KABEL-PC/PPI";"CMU";"";"";"";"";"";"x";"";"x";"x";"";"";"";"";"";"x";"";"x";"";"";"";"";"x";"";"";"";"";"";"x";"";"";"";"";""
"7000-00235";"LAUTSPRECHER";"CMU";"";"";"";"";"";"x";"";"x";"x";"";"";"";"";"";"x";"";"x";"";"";"";"";"x";"";"";"";"";"";"x";"";"";"";"";""
"7018-85492";"EINSTELLREGLER-10K-LIN-3W-PE30";"CMU";"";"";"";"";"";"x";"";"x";"x";"";"";"";"";"";"x";"";"x";"";"";"";"";"x";"";"";"";"";"";"x";"";"";"";"";""
"4111-53475";"ABSPERRVENTIL-HE-3-QS-6-3/2";"CMU";"";"";"";"";"";"";"";"x";"x";"";"";"";"";"";"x";"";"";"";"";"";"x";"";"";"";"";"";"";"x";"";"";"";"";""
"4111-53468";"ABSPERRVENTIL-HE-2-QS-8-2/2";"CMU";"";"";"";"";"";"x";"";"x";"x";"";"";"";"";"";"x";"";"";"";"";"";"x";"";"";"";"";"";"";"x";"";"";"";"";""
"4111-53464";"RUECKSCHLAGVENTIL";"CMU";"";"";"";"";"";"x";"";"";"";"";"";"";"";"";"x";"";"";"";"";"";"x";"";"";"";"";"";"";"x";"";"";"";"";""
"4115-29424";"DRUCKREGELVENTIL-MS4-LR-1/8-D6";"CMU";"";"";"";"";"";"";"";"x";"x";"";"";"";"";"";"x";"";"";"";"";"";"x";"";"";"";"";"";"x";"x";"";"";"";"";""
"4115-29973";"DRUCKSENSOR-SDE1-V1-24V-VS1";"CMU";"";"";"";"";"";"";"";"x";"x";"";"";"";"";"";"x";"";"";"";"";"";"";"x";"";"";"";"";"";"x";"";"";"";"";""
"4115-29961";"DRUCKSENSOR-SDE1-D10-G2-H18-L";"CMU";"";"";"";"";"";"";"";"x";"x";"";"";"";"";"";"x";"";"";"";"";"";"";"x";"";"";"";"";"";"x";"";"";"";"";""
"2050-00006";"BG-CMU-PB-BEDIENFELD-V6";"CMU";"";"";"";"";"";"x";"";"x";"";"";"";"";"";"";"x";"";"x";"";"";"";"";"x";"";"";"";"";"";"x";"";"";"";"";""
"2050-00007";"BG-CMU-PB-BEDIENFELD-V7";"CMU";"";"";"";"";"";"x";"";"x";"x";"";"";"";"";"";"x";"";"x";"";"";"";"";"x";"";"";"";"";"";"x";"";"";"";"";""
"2050-00122";"CMU-VERTEILERBOX ";"CMU";"";"";"";"";"";"x";"";"x";"x";"";"";"";"";"";"x";"";"x";"";"";"";"";"x";"";"";"";"";"";"x";"";"";"";"";""
"2017-10193";"BG-CMU-VERTEILERBOX-MIK ";"CMU";"";"";"";"";"";"";"";"x";"x";"";"";"";"";"";"";"";"";"";"";"";"";"x";"";"";"";"";"";"x";"";"";"";"";""
"7473-02033";"TASTATUR-US-USB-KL2033-GETT ";"";"";"";"";"";"";"x";"";"x";"x";"";"";"";"";"";"";"";"";"";"";"";"";"x";"";"";"";"";"";"x";"";"";"";"";""
"2063-20224";"BEDIENPULT-MIKRO-AT300";"";"";"";"";"";"";"";"";"x";"x";"";"";"";"";"";"";"";"";"";"";"";"";"x";"x";"";"";"";"";"";"";"";"";"";""
"2063-20234";"BEDIENPULT-PC-STAGE";"";"";"";"";"";"";"x";"";"x";"x";"";"";"";"";"";"";"";"";"";"";"";"";"x";"";"";"";"";"x";"x";"";"";"";"";""
"7600-19141";"DELL-MON-19TFTMONITOR-E1913S";"";"";"";"";"";"";"x";"";"x";"x";"";"";"";"";"";"x";"";"x";"";"";"";"";"x";"";"";"";"";"";"x";"";"";"";"";""
"7600-19142";"DELL-MON-19TFTMONITOR-P1914S";"";"";"";"";"";"";"";"";"";"x";"";"";"";"";"";"";"";"";"";"";"";"";"x";"";"";"";"";"";"x";"";"";"";"";""
"4452-43026";"MONITORARM-WAND-LX-45-243-026";"";"";"";"";"";"";"x";"";"x";"x";"x";"x";"";"";"";"";"";"";"";"";"";"x";"";"";"";"";"";"";"";"x";"";"";"";""
"9004-43855 ";"E84-CONTROLLER-2P-E23";"E84";"";"";"";"";"";"";"x";"x";"x";"";"";"";"";"";"";"";"";"";"";"";"";"x";"";"";"";"x";"";"";"x";"";"";"";""
"9004-43854";"E84-CONTROLLER-4P-E23";"E84";"";"";"";"";"";"";"x";"x";"";"";"";"";"";"";"";"";"";"";"";"";"";"x";"";"";"";"x";"";"";"x";"";"";"";""
"9004-43856";"E84-NETZTEIL";"E84";"";"";"";"";"";"";"x";"x";"x";"";"";"";"";"";"";"";"";"";"";"";"";"x";"";"";"";"x";"";"";"x";"";"";"";""
"9004-43857";"HOKOYO-E84-DMS-HB1-Z05-OHT";"E84";"";"";"";"";"";"";"";"x";"x";"";"";"";"";"";"x";"x";"";"";"";"";"";"x";"";"";"";"x";"";"";"x";"";"";"";""
"9004-43864";"ADAPTER-Z-TYPE.HOKOYO-SENSOR84";"E84";"";"";"";"";"";"";"";"x";"x";"";"";"";"";"";"x";"x";"";"";"";"";"";"x";"";"";"";"x";"";"";"x";"";"";"";""
"9004-43862";"HOKOYO-E84-DMS-HB1-V-OH";"E84";"";"";"";"";"";"";"";"";"";"";"";"";"";"";"";"";"";"";"";"";"";"x";"";"";"";"x";"";"";"x";"";"";"";""
"9004-43860";"HOKOYO-E84-DMS-HB1-Z-AGV";"E84";"";"";"";"";"";"";"";"";"";"";"";"";"";"";"";"";"";"";"";"";"";"x";"";"";"";"x";"";"";"x";"";"";"";""
"9004-43863";"HOKOYO-E84-DMS-HB1-AGV";"E84";"";"";"";"";"";"";"";"";"";"";"";"";"";"";"";"";"";"";"";"";"";"x";"";"";"";"x";"";"";"x";"";"";"";""
"0017-12770";"ERDBEBENPLATTE";"";"T";"";"";"";"";"";"";"x";"x";"";"";"";"";"";"";"";"";"";"";"";"x";"";"";"";"";"";"";"";"x";"";"";"";""
"4000-20125";"FFU-FFM-C910X705-U16-EC2-2";"FFU";"";"";"";"";"";"";"";"x";"x";"";"";"";"";"";"";"";"";"";"";"";"";"x";"";"";"";"";"";"";"x";"";"";"";""
"7700-00010";"STROEMUNGSSENSOR";"FFU CMU ";"";"";"";"";"";"";"";"x";"x";"";"";"";"";"";"x";"x";"";"x";"";"";"";"x";"";"";"";"";"";"";"x";"";"";"";""
"7400-05685";"IONIZER-5685-44";"";"";"";"";"";"";"";"";"";"x";"";"";"";"";"";"";"x";"";"x";"";"";"";"x";"";"";"";"";"";"";"x";"";"";"";""
"7400-05686";"IONIZER-NETZTEIL";"";"";"";"";"";"";"";"";"";"x";"";"";"";"";"";"";"x";"";"x";"";"";"";"x";"";"";"";"";"";"";"x";"";"";"";""
"4012-13193";"LICHT-SENDER-C2C-SA07510A1000";"E84";"";"";"";"";"";"";"";"";"x";"";"";"";"";"";"";"";"";"";"";"x";"";"x";"";"";"";"x";"";"";"x";"";"";"";""
"4012-13194";"LICHT-EMPFAENG-C2C-EA07510A100";"E84";"";"";"";"";"";"";"";"";"x";"";"";"";"";"";"";"";"";"";"";"x";"";"x";"";"";"";"x";"";"";"x";"";"";"";""
"2025-00180";"DEDOAMPEL";"CMU";"";"";"";"";"";"x";"";"x";"x";"";"";"";"";"x";"x";"x";"x";"x";"x";"";"";"x";"";"";"";"";"";"x";"x";"";"";"";""
"9004-35014";"LAMPCOVER-D52X65-IP54";"CMU";"";"";"";"";"";"x";"";"x";"x";"";"";"";"";"x";"x";"x";"x";"x";"x";"";"";"x";"";"";"";"";"";"x";"x";"";"";"";""
"9004-35010";"LAMPRED-24V-D50-360°-IP54";"CMU";"";"";"";"";"";"x";"";"x";"x";"";"";"";"";"x";"x";"x";"x";"x";"x";"";"";"x";"";"";"";"";"";"x";"x";"";"";"";""
"9004-35012";"LAMPYELLOW";"CMU";"";"";"";"";"";"x";"";"x";"x";"";"";"";"";"x";"x";"x";"x";"x";"x";"";"";"x";"";"";"";"";"";"x";"x";"";"";"";""
"9004-35011";"LAMPGREEN-24V-D50-360°-IP54";"CMU";"";"";"";"";"";"x";"";"x";"x";"";"";"";"";"x";"x";"x";"x";"x";"x";"";"";"x";"";"";"";"";"";"x";"x";"";"";"";""
"9004-35013";"LAMPBLUE";"CMU";"";"";"";"";"";"x";"";"x";"x";"";"";"";"";"x";"x";"x";"x";"x";"x";"";"";"x";"";"";"";"";"";"x";"x";"";"";"";""
"4100-00000";"LOADPORT";"LPM";"";"";"";"";"";"";"";"x";"x";"";"";"";"";"x";"x";"x";"";"x";"x";"";"x";"x";"";"";"";"x";"";"";"";"";"";"";""
"2063-20353";"BEDIENPULT-MIKRO-AT2";"";"";"";"";"";"";"x";"";"";"";"";"";"";"";"";"";"";"";"";"";"";"";"x";"x";"";"";"";"";"";"";"";"";"";""
"9004-59934 ";"FIXLOAD ";"";"";"";"";"";"";"";"x";"x";"";"";"";"";"";"";"";"";"";"";"";"";"x";"x";"";"";"";"x";"";"";"";"";"";"";""
"7200-00089";"MOXA-ADAPTER";"PC";"";"";"";"";"";"x";"";"x";"x";"";"";"";"";"";"";"";"";"";"";"";"";"x";"";"";"";"";"";"x";"";"";"";"";""
"7200-00039";"USB-ADAPTER-BU-A-BU-A";"";"";"";"";"";"";"";"";"x";"x";"";"";"";"";"";"";"";"";"";"";"";"";"x";"";"";"";"";"";"x";"x";"";"";"";""
"7500-36110";"LEITERPLATTE361V1";"HIV";"";"";"";"";"";"";"";"x";"x";"";"";"";"";"x";"x";"x";"";"x";"x";"";"";"x";"";"";"";"x";"";"";"x";"";"";"";""
"7216-89064";"BUCHSENEINSATZ-CAT5E";"";"";"";"";"";"";"x";"";"x";"x";"";"";"";"";"";"";"";"";"";"";"";"";"x";"";"";"";"";"";"x";"x";"";"";"";""
"7211-64773";"ADAPTER-09-ST-ST";"";"";"";"";"";"x";"x";"x";"x";"x";"";"";"";"";"x";"x";"x";"x";"";"";"";"";"x";"";"";"";"";"";"x";"x";"";"";"";""
"2059-01801";"EEF-SANKYO";"Robot";"";"";"2059-01802";"";"";"";"";"x";"x";"";"";"";"";"x";"x";"";"";"";"";"";"x";"";"";"";"";"x";"";"";"";"";"";"";""
"2059-01802";"EEF-SANKYO";"Robot";"";"";"2059-01803";"";"";"";"";"x";"x";"";"";"";"";"x";"x";"";"";"";"";"";"x";"";"";"";"";"x";"";"";"";"";"";"";""
"2059-01803";"EEF-SANKYO";"Robot";"";"";"";"";"";"";"";"x";"x";"";"";"";"";"x";"x";"";"";"";"";"";"x";"";"";"";"";"x";"";"";"";"";"";"";""
"0059-04260";"KULISSE-SHB";"Robot";"";"";"";"";"";"";"";"x";"x";"";"";"";"";"x";"x";"";"";"";"";"";"x";"";"";"";"";"x";"";"";"";"";"";"";""
"0059-04270";"KULISSE-RING";"Robot";"";"";"";"";"";"";"";"x";"x";"";"";"";"";"x";"x";"";"";"";"";"";"x";"";"";"";"";"x";"";"";"";"";"";"";""
"0017-18060";"KULISSE2";"Robot";"";"";"";"";"";"";"";"x";"x";"";"";"";"";"x";"x";"";"";"";"";"";"x";"";"";"";"";"x";"";"";"";"";"";"";""
"4000-18250";"ENDEFFECTOR.300P-SR824X-CERAMIC";"Robot";"";"";"";"";"";"";"";"x";"x";"";"";"";"";"x";"x";"";"";"";"";"";"x";"";"";"";"";"x";"";"";"";"";"";"";""
"4000-18260";"ENDEFFECTOR.300V-SR824X-CERAMIC";"Robot";"";"";"";"";"";"";"";"x";"x";"";"";"";"";"x";"x";"";"";"";"";"";"x";"";"";"";"";"x";"";"";"";"";"";"";""
"0050-00520";"ENDEFFEKTORBLECH-SR8240";"Robot";"";"";"";"";"";"";"";"x";"x";"";"";"";"";"x";"x";"";"";"";"";"";"x";"";"";"";"";"x";"";"";"";"";"";"";""
"0050-00580";"ENDEFFEKTORBLECH2";"Robot";"";"";"";"";"";"";"";"x";"x";"";"";"";"";"x";"x";"";"";"";"";"";"x";"";"";"";"";"x";"";"";"";"";"";"";""
"0050-00581";"ENDEFFEKTORBLECH2";"Robot";"";"";"";"";"";"";"";"x";"x";"";"";"";"";"x";"x";"";"";"";"";"";"x";"";"";"";"";"x";"";"";"";"";"";"";""
"0059-05230";"UNTERLEGBLECH";"Robot";"";"";"";"";"";"";"";"x";"x";"";"";"";"";"x";"x";"";"";"";"";"";"x";"";"";"";"";"x";"";"";"";"";"";"";""
"0059-05240";"UNTERLEGBLECH-VO";"Robot";"";"";"";"";"";"";"";"x";"x";"";"";"";"";"x";"x";"";"";"";"";"";"x";"";"";"";"";"x";"";"";"";"";"";"";""
"0017-12630";"ST-BLECH";"Robot";"";"";"0017-12631";"";"";"";"";"x";"x";"";"";"";"";"x";"x";"";"";"";"";"";"x";"";"";"";"";"x";"";"";"";"";"";"";""
"0017-12631";"ST-BLECH";"Robot";"";"";"";"";"";"";"";"x";"x";"";"";"";"";"x";"x";"";"";"";"";"";"x";"";"";"";"";"x";"";"";"";"";"";"";""
"0017-12790";"ST-BLECH2";"Robot";"";"";"0017-12791";"";"";"";"";"x";"x";"";"";"";"";"x";"x";"";"";"";"";"";"x";"";"";"";"";"x";"";"";"";"";"";"";""
"0017-12791";"ST-BLECH2";"Robot";"";"";"0017-12792";"";"";"";"";"x";"x";"";"";"";"";"x";"x";"";"";"";"";"";"x";"";"";"";"";"x";"";"";"";"";"";"";""
"0017-12792";"ST-BLECH2";"Robot";"";"";"";"";"";"";"";"x";"x";"";"";"";"";"x";"x";"";"";"";"";"";"x";"";"";"";"";"x";"";"";"";"";"";"";""
"4000-08244";"SR8240_PUSHER_SET";"Robot";"";"";"";"";"";"";"";"x";"x";"";"";"";"";"x";"x";"";"";"";"";"";"x";"";"";"";"";"x";"";"";"";"";"";"";""
"4000-08245";"SR8241_PUSHER_SET";"Robot";"";"";"";"";"";"";"";"";"";"";"";"";"";"";"x";"";"";"";"";"";"x";"";"";"";"";"x";"";"";"";"";"";"";""
"4000-18241";"PREALIGNER-300MM-EDGE-GRIP";"Prealigner";"";"";"";"";"";"";"";"x";"x";"";"";"";"";"x";"x";"";"";"";"";"";"x";"";"";"";"";"x";"";"";"";"";"";"";""
"4000-18540";"PADPREALIGNER";"Prealigner";"S";"3x per unit needed";"";"";"";"";"";"x";"x";"";"";"";"";"x";"x";"";"";"";"";"";"x";"";"";"";"";"x";"";"";"";"";"";"";""
"4000-18520";"PADPREALIGNER Turntable (A)";"Prealigner";"S";"2x per unit needed";"";"";"";"";"";"x";"x";"";"";"";"";"x";"x";"";"";"";"";"";"x";"";"";"";"";"x";"";"";"";"";"";"";""
"4000-18530";"PADPREALIGNER Turntable (B)";"Prealigner";"S";"";"";"";"";"";"";"x";"x";"";"";"";"";"x";"x";"";"";"";"";"";"x";"";"";"";"";"x";"";"";"";"";"";"";""
"4000-18510";"PADPREALIGNER turnable clamp pad";"Prealigner";"S";"";"";"";"";"";"";"x";"x";"";"";"";"";"x";"x";"";"";"";"";"";"x";"";"";"";"";"x";"";"";"";"";"";"";""
"2091-00050";"BG-EEF-200-WDC";"Robot";"";"";"2091-00051";"";"";"";"";"";"";"";"";"";"";"";"";"";"";"";"";"";"x";"";"";"";"";"x";"";"";"";"";"";"";""
"2091-00051";"BG-EEF-200-LANG";"Robot";"";"";"";"";"";"";"";"";"";"";"";"";"";"";"";"";"";"";"";"";"x";"";"";"";"";"x";"";"";"";"";"";"";""
"2091-00060";"BG-EEF-200-WTC-MAP";"Robot";"";"";"";"";"";"";"";"";"";"";"";"";"";"";"";"";"";"";"";"";"x";"";"";"";"";"x";"";"";"";"";"";"";""
"2090-00500";"BG-EEF-VARIO";"Robot";"";"";"";"";"";"";"";"";"";"";"";"";"";"";"";"";"";"";"";"";"x";"";"";"";"";"x";"";"";"";"";"";"";""
"0090-09990";"WAFER-CENTERING-TOOL-300MM";"Robot";"S";"";"";"";"";"";"";"";"x";"";"";"";"";"";"";"x";"";"x";"x";"";"x";"";"";"";"";"x";"";"";"";"";"";"";""
"0090-09980";"WAFER-CENTERING-TOOL-200MM";"Robot";"S";"";"";"";"";"";"";"";"";"";"";"";"";"";"";"x";"";"x";"x";"";"x";"";"";"";"";"x";"";"";"";"";"";"";""
"0080-00070";"Passscheibe 0,01";"Robot";"S";"";"";"";"";"";"";"";"x";"";"";"";"";"";"";"x";"";"x";"x";"";"x";"";"";"";"";"x";"";"";"";"";"";"";""
"0080-00080";"Passscheibe 0,02";"Robot";"S";"";"";"";"";"";"";"";"x";"";"";"";"";"";"";"x";"";"x";"x";"";"x";"";"";"";"";"x";"";"";"";"";"";"";""
"0080-00040";"Passscheibe 0,05";"Robot";"S";"";"";"";"";"";"";"";"x";"";"";"";"";"";"";"x";"";"x";"x";"";"x";"";"";"";"";"x";"";"";"";"";"";"";""
"0080-00050";"Passscheibe 0,1";"Robot";"S";"";"";"";"";"";"";"";"x";"";"";"";"";"";"";"x";"";"x";"x";"";"x";"";"";"";"";"x";"";"";"";"";"";"";""
"0080-00050";"Passscheibe 0,1";"Robot";"S";"";"";"";"";"";"";"";"x";"";"";"";"";"";"";"x";"";"x";"x";"";"x";"";"";"";"";"x";"";"";"";"";"";"";""
"0090-02670";"BG-EEF-KAPTON-SET";"Robot";"";"";"";"";"";"";"";"";"x";"";"";"";"";"";"";"x";"";"x";"x";"";"x";"";"";"";"";"x";"";"";"";"";"";"";""
"2091-07090";"BG-MAP200-VERSTAERKER-M-KAB";"Robot";"S";"";"";"";"";"";"";"";"";"";"";"";"";"";"";"x";"";"x";"x";"";"";"x";"";"";"";"x";"";"";"";"";"";"";""
"2900-99999";"Set of wafer contact pads for Sankyo SR8240 (Endeffectors)";"";"S";"";"";"";"";"";"";"x";"x";"";"";"";"";"";"x";"x";"";"x";"x";" ";"x";"";"";"";"";"x";"";"";"";"";"";"";""
"2900-99998";"Set of wafer contact pads for Sankyo SR8240 (Prealigner, Wafer Lifter)";"";"S";"";"";"";"";"";"";"x";"x";"";"";"";"";"";"x";"x";"";"x";"x";" ";"x";"";"";"";"";"x";"";"";"";"";"";"";""
"2900-99997";"Set of wafer contact pads for Sankyo SR8240 (Prealigner, Turntable)";"";"S";"";"";"";"";"";"";"x";"x";"";"";"";"";"";"x";"x";"";"x";"x";" ";"x";"";"";"";"";"x";"";"";"";"";"";"";""
"2900-99996";"Set of shims for leveling of endeffectors (Sankyo SR8240)";"";"S";"";"";"";"";"";"";"x";"x";"";"";"";"";"";"x";"x";"";"x";"x";" ";"x";"";"";"";"";"x";"";"";"";"";"";"";""
"7511-00202";"Lighting Interface BLU303";"BLU303";"";"";"";"";"";"";"";"";"";"";"";"";"";"";"";"";"";"";"";"";"";"";"";"";"";"";"";"";"";"";"";"";""
"7400-02902";"UPS-230V-2200VA-APC-SMART ";"USV";"";"";"";"";"";"";"";"";"";"";"";"";"";"";"";"";"";"";"";"";"";"";"";"";"";"";"";"";"";"";"";"";""
"7500-07900";"LEITERPLATTE079V00";"DEDO H-SIF";"";"";"";"";"";"";"";"x";"";"";"";"";"";"";"";"";"";"";"";"";"";"x";"";"x";"";"";"";"";"";"";"";"";""
"7500-07901";"LEITERPLATTE079";"DEDO H-SIF";"";"";"";"";"";"";"";"x";"";"";"";"";"";"";"";"";"";"";"";"";"";"x";"";"x";"";"";"";"";"";"";"";"";""
"7500-07903";"LEITERPLATTE079";"DEDO H-SIF";"";"";"";"";"";"";"";"x";"x";"";"";"";"";"";"";"";"";"";"";"";"";"x";"";"x";"";"";"";"";"";"";"";"";""
"0064-00590";"DEDO-IF-WINKEL";"DEDO H-SIF";"";"";"0064-00591";"";"";"";"";"x";"";"";"";"";"";"";"";"";"";"";"";"";"x";"";"";"x";"";"";"";"";"";"";"";"";""
"0064-00591";"DEDO-IF-WINKEL";"DEDO H-SIF";"";"";"";"";"";"";"";"x";"x";"";"";"";"";"";"";"";"";"";"";"";"x";"";"";"x";"";"";"";"";"";"";"";"";""
"4500-01350";"KAMERACANONA620";"DEDO";"";"";"4500-01351";"";"";"";"";"x";"";"";"";"";"";"";"";"";"";"";"";"";"";"";"";"x";"";"";"";"";"";"";"";"";""
"4500-01351";"KAMERACANONA630";"DEDO";"";"";"4500-01353";"";"";"";"";"x";"";"";"";"";"";"";"";"";"";"";"";"";"";"";"";"x";"";"";"";"";"";"";"";"";""
"4500-01353";"KAMERACANONA640";"DEDO";"";"";"";"";"";"x";"";"x";"x";"";"";"";"";"";"";"";"";"";"";"";"";"x";"";"x";"";"";"";"";"";"";"";"";""
"9422-69099";"OBJEKTIV-EC-APO-150X/0.95HD";"MICRO";"";"";"";"x";"x";"x";"x";"x";"x";"";"";"";"";"";"";"";"";"";"";"x";"";"";"x";"";"";"";"";"";"";"";"";"";""
"9422-37099";"OBJEKTIV-EC-50X/0.80HD";"MICRO";"";"";"";"x";"x";"x";"x";"x";"x";"";"";"";"";"";"";"";"";"";"";"x";"";"";"x";"";"";"";"";"";"";"";"";"";""
"9422-37060";"OBJEKTIV-EC-50X/0.80HD";"MICRO";"";"";"9422-37099";"x";"x";"x";"x";"x";"x";"";"";"";"";"";"";"";"";"";"";"x";"";"";"x";"";"";"";"";"";"";"";"";"";""
"9011-56524";"OBJEKTIV-EC-20X/0.50HD-DIC";"MICRO";"";"";"";"x";"x";"x";"x";"x";"x";"";"";"";"";"";"";"";"";"";"";"x";"";"";"x";"";"";"";"";"";"";"";"";"";""
"9422-34260";"OBJEKTIV-EC-10X/0.25HD-DIC";"MICRO";"";"";"";"x";"x";"x";"x";"x";"x";"";"";"";"";"";"";"";"";"";"";"x";"";"";"x";"";"";"";"";"";"";"";"";"";""
"9011-56514";"OBJEKTIV-EC-5X/0.13-HD-DIC-A14";"MICRO";"";"";"";"x";"x";"x";"x";"x";"x";"";"";"";"";"";"";"";"";"";"";"x";"";"";"x";"";"";"";"";"";"";"";"";"";""
"2020-20011";"LSP300UNI";"MIS310";"";"";"";"";"";"x";"x";"x";"";"";"";"";"";"";"";"";"";"";"";"";"";"x";"";"x";"";"";"";"";"";"";"";"";""
"7386-52567";"NETZGERAET-30V-LEDTREIBER";"BLU311";"";"";"";"";"";"";"";"";"x";"";"";"";"";"";"";"";"";"";"";"";"";"x";"";"x";"";"";"";"";"";"";"";"";""
"7215-94590";"MIKROSCHALTER-FEDERHEBEL-V4";"BLU311";"";"";"";"";"";"";"";"";"x";"";"";"";"";"";"";"";"";"";"";"";"";"x";"";"x";"";"";"";"";"";"";"";"";""
"7300-24036";"NETZTEIL-HLG-240H-36B";"BLU311";"";"2030-20090";"in 2030-20091";"";"";"";"";"";"x";"";"";"";"";"";"";"";"";"";"";"";"";"x";"";"x";"";"";"";"";"";"";"";"";""
"0030-00150";"FILTERPLATTEV5";"BLU210 BLU305 BLU310 BLU311";"";"";"";"";"";"";"";"x";"x";"";"";"";"";"";"";"";"";"";"";"";"x";"";"";"x";"";"";"";"";"";"";"";"";""
"0020-00180";"GELBGRUENFILTER";"MIS310 LSP";"";"";"";"";"";"x";"x";"x";"x";"x";"x";"x";"";"";"";"";"";"";"";"";"x";"";"";"x";"";"";"";"";"";"";"";"";""
"7373-81719";"NETZGERAET-24V";"BLU311";"";"for 2150100, 2150101, 2150107, 2150108";"";"";"";"";"";"";"x";"";"";"";"";"";"";"";"";"";"";"";"";"x";"";"x";"";"";"";"";"";"";"";"";""
"2020-00012";"LSP300";"BLU311 LSP";"";"for 2150100, 2150101, 2150107, 2150108";"";"";"";"";"";"";"x";"";"";"";"";"";"";"";"";"";"";"";"";"x";"";"x";"";"";"";"";"";"";"";"";""
"7707-54177";"LED-BOARD-D440MM";"BLU311";"";"2030-20061 for 2150100, 2150101, 2150107, 2150108";"";"";"";"";"";"";"x";"";"";"";"";"";"";"";"";"";"";"";"";"x";"";"x";"";"";"";"";"";"";"";"";""
"7100-00004";"USB-HUB-4X-2.0";"DEDO";"";"gray & back";"";"";"";"x";"";"x";"x";"";"";"";"";"";"";"";"";"";"";"";"";"x";"";"x";"";"";"";"x";"";"";"";"";""
"7440-22136";"USB2X-PCI-CARD";"DEDO";"";"";"";"";"";"x";"";"x";"x";"";"";"";"";"";"";"";"";"";"";"";"";"x";"";"x";"";"";"";"x";"";"";"";"";""
"4000-14329";"FUEHRUNGLINEAR.LWLFC14C2R600BB";"DEDO SHUTTER";"";"";"";"";"";"x";"";"x";"x";"";"";"";"";"";"";"";"";"";"";"";"x";"";"";"x";"";"";"";"";"";"";"";"";""
"4011-03120";"ZAHNRIEMEN-6AT3/1200SYNCRO";"DEDO SHUTTER";"";"";"";"";"";"x";"";"x";"x";"";"";"";"";"";"";"";"";"";"";"";"x";"";"";"x";"";"";"";"";"";"";"";"";""
"4020-00076";"ZUGFEDER-RZ-073I";"DEDO SHUTTER";"";"";"";"";"";"x";"";"x";"x";"";"";"";"";"";"";"";"";"";"";"";"x";"";"";"x";"";"";"";"";"";"";"";"";""
"4050-02642";"GETRIEBEMOTOR2642";"DEDO SHUTTER";"";"";"";"";"";"x";"";"x";"x";"";"";"";"";"";"";"";"";"";"";"";"x";"x";"";"x";"";"";"";"";"";"";"";"";""
"7651-63005";"SENSORINDUKTIV-S-BES516-3005-G";"DEDO SHUTTER";"";"";"";"";"";"x";"";"x";"x";"";"";"";"";"";"";"";"";"";"";"";"";"x";"";"x";"";"";"";"";"";"";"";"";""
"0017-18220";"RIEMENPLATTE";"DEDO SHUTTER";"";"";"";"";"";"x";"";"x";"x";"";"";"";"";"";"";"";"";"";"";"";"x";"";"";"x";"";"";"";"";"";"";"";"";""
"0017-18330";"RIEMENGEGENPLATTE";"DEDO SHUTTER";"";"";"";"";"";"x";"";"x";"x";"";"";"";"";"";"";"";"";"";"";"";"x";"";"";"x";"";"";"";"";"";"";"";"";""
"7400-40011";"MOXA-PCIE-KABEL-8D";"";"";"";"";"";"";"";"";"";"x";"";"";"";"";"";"";"";"";"";"";"";"";"x";"";"x";"";"";"";"x";"";"";"";"";""
"4500-01409";"KAMERA3CCD-HV-F202-SCL";"MICRO";"";"";"";"";"";"";"";"";"x";"";"";"";"";"";"";"x";"";"";"";"x";"";"x";"x";"";"";"";"";"";"";"";"";"";""
"7400-02033";"FRAMEGRABBER-SOL-2M-EV-CLB";"MICRO";"";"";"";"";"";"";"";"";"x";"";"";"";"";"";"";"";"";"";"";"";"";"x";"x";"";"";"";"";"x";"";"";"";"";""
"9452-99800";"ADAPTER-0.5X-TV44-C-MOUNT-1/2";"MICRO";"";"";"";"";"";"";"";"x";"x";"";"";"";"";"";"x";"x";"";"";"";"x";"";"";"x";"";"";"";"";"";"";"";"";"";""
"7400-05520";"GRAF-PNY-NVS";"PC";"";"";"";"";"";"";"";"x";"x";"";"";"";"";"";"";"";"";"";"";"";"";"x";"";"";"";"";"";"x";"";"";"";"";""
"7400-02153";"DONGLE-MIL-V9";"PC";"";"";"";"";"";"x";"";"x";"x";"";"";"";"";"";"";"";"";"";"";"";"";"x";"";"";"";"";"";"x";"";"";"";"";""
"7440-01680";"MOXA-PCI-8X-RS232";"PC";"";"";"";"";"";"x";"";"x";"x";"";"";"";"";"";"";"";"";"";"";"";"";"x";"";"";"";"";"";"x";"";"";"";"";""
"7440-01682";"MOXA-PCI-BOX";"PC";"";"";"";"";"";"x";"";"x";"x";"";"";"";"";"";"";"";"";"";"";"";"";"x";"";"";"";"";"";"x";"";"";"";"";""
"7400-40010";"MOXAPCIE";"PC";"";"";"";"";"";"";"";"";"x";"";"";"";"";"";"";"";"";"";"";"";"";"x";"";"";"";"";"";"x";"";"";"";"";""
"7400-40012";"MOXA-PCIE-BOX";"PC";"";"";"";"";"";"";"";"";"x";"";"";"";"";"";"";"";"";"";"";"";"";"x";"";"";"";"";"";"x";"";"";"";"";""
"9452-88600";"REFLEKTOR-DF";"MICRO";"";"";"";"x";"x";"x";"x";"x";"x";"";"";"";"";"";"x";"x";"";"";"";"x";"";"";"x";"";"";"";"";"";"";"";"";"";""
"4500-00260";"NT63-392";"MICRO";"";"combine with 9452-88900";"";"";"";"";"";"";"x";"";"";"";"";"";"";"";"";"";"";"x";"";"";"x";"";"";"";"";"";"";"";"";"";""
"9452-88900";"REFLEKTOR-H-AF";"MICRO";"";"if MicrHead with 2017-20360 use +4500-00260";"";"x";"x";"x";"x";"x";"x";"";"";"";"";"";"x";"x";"";"";"";"x";"";"";"x";"";"";"";"";"";"";"";"";"";""
"2017-20191";"BG-OPTIK-MIKROLICHT-LED";"MICRO";"";"";"";"";"";"";"";"";"x";"";"";"";"";"";"";"";"";"";"";"x";"";"";"x";"";"";"";"";"";"";"";"";"";""
"2090-00173";"BG-REFLEKTORREVOLVER-HSEB";"MICRO";"";"";"";"";"";"";"";"";"x";"";"";"";"";"";"x";"x";"";"";"";"";"x";"x";"x";"";"";"";"";"";"";"";"";"";""
"2017-20360";"BG-LICHT-LED";"MICRO";"";"";"";"";"";"";"";"";"x";"";"";"";"";"";"";"";"";"";"";"x";"x";"x";"x";"";"";"";"";"";"";"";"";"";""
"0050-00410";"CHUCK-LEVEL-SCHRAUBE-LANG";"MICRO";"";"";"";"";"";"";"";"";"x";"";"";"";"";"x";"x";"x";"";"";"";"";"x";"";"x";"";"";"";"x";"";"";"";"";"";""
"4090-00027";"KUGELSCHEIBE-6.4-C-NIR-DIN6319";"MICRO";"";"";"";"";"";"";"";"";"x";"";"";"";"";"x";"x";"x";"";"";"";"";"x";"";"x";"";"";"";"x";"";"";"";"";"";""
"2050-07390";"BG-WDI-AFC-LEVELSHIFTER";"MICRO";"";"as an update: add. 15 pol extender cabel needed";"";"";"";"";"";"";"x";"";"";"";"";"";"x";"x";"";"";"";"";"";"x";"x";"";"";"";"";"";"";"";"";"";""
"4000-05060";"AUTOFOCUS-ROT";"MICRO";"";"";"";"";"";"";"";"";"x";"";"";"";"";"x";"x";"x";"";"";"";"x";"";"x";"x";"";"";"";"";"";"";"";"";"";""
"4000-05061";"AUTOFOCUS-ROT";"MICRO";"";"use with 2050-07390 only";"";"";"";"";"";"";"x";"";"";"";"";"x";"x";"x";"";"";"";"x";"";"x";"x";"";"";"";"";"";"";"";"";"";""
"2062-20031";"TUBUS-AUTOFOCUS-V3";"MICRO";"";"";"";"";"";"";"";"";"x";"";"";"";"";"x";"x";"x";"";"";"";"x";"";"";"x";"";"";"";"";"";"";"";"";"";""
"0017-20510";"JUSTIERMITTEL-001";"MICRO";"S";"2017-20360";"";"";"";"";"";"";"x";"";"";"";"";"x";"";"x";"";"";"";"x";"";"";"x";"";"";"";"";"";"";"";"";"";""
"0017-20520";"JUSTIERMITTEL-002";"MICRO";"S";"2017-20360";"";"";"";"";"";"";"x";"";"";"";"";"x";"";"x";"";"";"";"x";"";"";"x";"";"";"";"";"";"";"";"";"";""
"0017-20531";"JUSTIERMITTEL-003";"MICRO";"S";"2017-20360";"";"";"";"";"";"";"x";"";"";"";"";"x";"";"x";"";"";"";"x";"";"";"x";"";"";"";"";"";"";"";"";"";""
"7500-67200";"LEITERPLATTE672.00";"MICRO";"";"";"";"";"";"";"";"";"x";"";"";"";"";"";"";"";"";"";"";"";"";"x";"x";"";"";"";"";"";"";"";"";"";""
"2017-20380";"BG-LED-KUEHL";"MICRO";"";"";"";"";"";"";"";"";"x";"";"";"";"";"";"";"";"";"";"";"x";"";"x";"x";"";"";"";"";"";"";"";"";"";""
"2017-20370";"BG-MICROHEAD-LED-ILLU";"MICRO";"";"";"";"";"";"";"";"";"x";"";"";"";"";"";"";"";"";"";"";"x";"";"";"x";"";"";"";"";"";"";"";"";"";""
"2017-20331";"BG-BLENDE-LED";"MICRO";"";"";"";"";"";"";"";"";"x";"";"";"";"";"";"";"";"";"";"";"x";"";"";"x";"";"";"";"";"";"";"";"";"";""
"2017-20340";"BG-IRIS-BLENDE-BEARB";"MICRO";"";"";"";"";"";"";"";"";"x";"";"";"";"";"";"";"";"";"";"";"";"x";"";"x";"";"";"";"";"";"";"";"";"";""
"2017-27090";"BG-BLENDENMOTOR-M-KAB";"MICRO";"";"";"";"";"";"";"";"";"x";"";"";"";"";"";"";"";"";"";"";"";"x";"x";"x";"";"";"";"";"";"";"";"";"";""
"2090-06380";"BG-BLENDENSENSOR-M-KABEL";"MICRO";"";"";"";"";"";"";"";"";"x";"";"";"";"";"";"";"";"";"";"";"";"";"x";"x";"";"";"";"";"";"";"";"";"";""
"8209-82519";"DRUCKFEDER-0.4X2.5X19.5X12CM";"MICRO";"";"";"";"";"";"";"";"";"x";"";"";"";"";"";"";"";"";"";"";"";"x";"";"x";"";"";"";"";"";"";"";"";"";""
"0080-00450";"FEDERHAUS";"MICRO";"";"";"";"";"";"";"";"";"x";"";"";"";"";"";"";"";"";"";"";"";"x";"";"x";"";"";"";"";"";"";"";"";"";""
"2090-07122";"BG-CONTROLLER-MIKROSKOP";"MICRO";"";"";"";"";"";"";"";"";"x";"";"";"";"";"x";"";"x";"";"";"";"";"";"x";"x";"";"";"";"";"";"";"";"";"";""
"2090-08881";"BG-MOTOR-ENC-KAB-W56";"MICRO";"";"";"";"";"";"";"";"";"x";"";"";"";"";"x";"";"x";"";"";"";"";"x";"x";"x";"";"";"";"";"";"";"";"";"";""
"9452-60103";"ZANTRIEB-OBJEKTIVREVOLVER";"MICRO";"";"";"";"";"";"";"";"x";"x";"";"";"";"";"x";"";"x";"";"";"";"";"x";"x";"x";"";"";"";"";"";"";"";"";"";""
"9452-60137";"TRIEBBAND";"MICRO";"";"";"";"";"";"";"";"x";"x";"";"";"";"";"";"";"x";"";"";"";"";"x";"";"x";"";"";"";"";"";"";"";"";"";""
"9462-98200";"SCHUTZSTOPFEN-M27";"MICRO";"S";"";"";"x";"x";"x";"x";"x";"x";"";"";"";"";"x";"x";"x";"";"";"";"";"x";"";"x";"";"";"";"";"";"";"";"";"";""
"2090-08890";"BG-BRUECKE";"MICRO";"";"if no DIC";"";"";"";"";"";"x";"x";"";"";"";"";"x";"";"x";"";"";"";"";"";"x";"x";"";"";"";"";"";"";"";"";"";""
"2090-09190";"BG-SPEICHER-M-PROGRAMM";"MICRO";"";"";"";"";"";"";"";"x";"x";"";"";"";"";"x";"";"x";"";"";"";"";"";"x";"x";"";"";"";"";"";"";"";"";"";""
"7263-65347";"JUMPER-2";"MICRO";"S";"";"";"";"";"";"";"x";"x";"";"";"";"";"x";"";"x";"";"";"";"";"";"x";"x";"";"";"";"";"";"";"";"";"";""
"7400-01700";"BG-NANOMODUL164-256RAM ";"MICRO";"";"";"";"";"";"x";"";"x";"x";"";"";"";"";"x";"x";"x";"";"";"";"";"";"x";"x";"";"";"";"";"";"";"";"";"";""
"7500-02111";"LEITERPLATTE021";"MICRO";"";"END-Resistor";"";"";"";"x";"";"x";"";"";"";"";"";"x";"x";"";"";"";"";"";"";"x";"x";"";"";"";"";"";"";"";"";"";""
"7500-66001";"LEITERPLATTE660";"MICRO";"";"afc signal adapter";"";"";"";"";"";"";"x";"";"";"";"";"x";"";"x";"";"";"";"";"";"x";"x";"";"";"";"";"";"";"";"";"";""
"7500-67700";"LEITERPLATTE-677.00";"MICRO";"";"motor-encoder-if board";"";"";"";"";"";"";"x";"";"";"";"";"x";"";"x";"";"";"";"";"";"x";"x";"";"";"";"";"";"";"";"";"";""
"7548-11000";"LEITERPLATTE110";"MICRO";"";"power if";"";"";"";"x";"";"x";"x";"";"";"";"";"x";"x";"x";"";"";"";"";"";"x";"x";"";"";"";"x";"";"";"";"";"";""
"9011-74731";"LP-AX300-CONTR-2";"MICRO";"";"";"";"";"";"";"";"";"x";"";"";"";"";"x";"";"x";"";"";"";"";"";"x";"x";"";"";"";"";"";"";"";"";"";""
"9011-11600";"AXIOTRON-300-CONTR-II-PROGRAMM";"MICRO";"";"";"";"";"";"";"x";"x";"x";"";"";"";"";"x";"";"x";"";"";"";"";"";"x";"x";"";"";"";"";"";"";"";"";"";""
"9011-11601";"MDRIVEII1";"MICRO";"";"";"";"";"";"";"x";"x";"x";"";"";"";"";"x";"";"x";"";"";"";"";"";"x";"x";"";"";"";"";"";"";"";"";"";""
"7500-04300";"LEITERPLATTE043";"MICRO";"";"";"";"";"";"";"";"x";"x";"";"";"";"";"";"";"";"";"";"";"";"";"x";"x";"";"";"";"";"";"";"";"";"";""
"7400-02155";"Matrox runtime license[-10-](Geometric Model Finder, Machine Vision)";"PC";"";"Software";"";"";"x";"x";"";"x";"x";"";"";"";"";"";"";"";"";"";"";"";"";"";"";"";"";"";"";"x";"";"";"";"";""
"7200-00010";"ADAPTER-DVI-VGA";"PC Monitor";"";"";"";"";"";"";"";"";"x";"";"";"";"";"";"";"";"";"";"";"";"";"x";"";"";"";"";"";"x";"";"";"";"";""
"7100-08244";"BG KABEL-50-ADR";"Robot HIV";"";"for 2017-18032";"";"";"";"";"";"x";"x";"";"";"";"";"x";"x";"x";"";"x";"x";"";"";"x";"";"";"";"x";"";"";"x";"";"";"";""
"2017-18032";"Control cable";"Robot HIV";"";"";"";"";"";"";"";"x";"x";"";"";"";"";"x";"x";"x";"";"x";"x";"";"";"x";"";"";"";"x";"";"";"x";"";"";"";""
"2017-18091";"kabeladapt-h-emo-w5";"CMU";"S";"";"";"";"";"";"";"";"";"";"";"";"";"";"";"";"";"";"";"";"";"";"";"";"";"";"";"";"";"";"";"";""
"7100-02265";"CAMERALINK-5M-SDR/SDR";"MICRO PC";"";"";"";"";"";"";"";"";"x";"";"";"";"";"x";"";"";"";"";"";"";"";"x";"x";"";"";"";"";"x";"";"";"";"";""
"7100-01682";"Moxa cable 1,5m";"PC";"";"";"";"";"";"x";"";"x";"x";"";"";"";"";"";"";"";"";"";"";"";"";"x";"";"";"";"";"";"x";"";"";"";"";""
"7017-12300";"KABEL62POL";"PC";"";"";"";"";"";"";"x";"x";"x";"";"";"";"";"";"";"";"";"";"";"";"";"x";"";"";"";"";"";"x";"";"";"";"";""
"7400-02420";"Industrial PC";"PC";"";"";"";"";"";"x";"";"x";"";"";"";"";"";"";"";"";"";"";"";"";"";"x";"";"";"";"";"";"x";"";"";"";"";""
"7400-02422";"Computer-RM-4700IX-0.96";"PC";"";"";"";"";"";"";"";"";"x";"";"";"";"";"";"";"";"";"";"";"";"";"x";"";"";"";"";"";"x";"";"";"";"";""
"2063-20223";"Control Panel Axiotron 300";"MICRO";"";"";"";"";"";"";"";"x";"x";"";"";"";"";"";"";"";"";"";"";"";"";"x";"x";"";"";"";"";"";"x";"";"";"";""
"7500-09000";"LEITERPLATTE090-BP-AT2-AT300";"MICRO";"";"";"";"";"";"x";"";"x";"x";"";"";"";"";"";"";"";"";"";"";"";"";"";"";"";"";"";"";"";"";"";"";"";""
"7400-00067";"CONTROLLER-LP67CL";"MICRO";"";"";"";"";"";"";"";"";"";"";"";"";"";"";"x";"";"";"";"";"";"";"x";"x";"";"";"";"";"";"";"";"";"";""
"4500-00222";"LICHTQUELLE-LP67LQ";"MICRO";"";"";"";"";"";"";"";"";"";"";"";"";"";"";"x";"";"";"";"";"x";"";"x";"x";"";"";"";"";"";"";"";"";"";""
"7601-05483";"Handwheel speed sensor";"MICRO";"";"";"";"";"";"x";"";"x";"x";"";"";"";"";"";"";"";"";"";"";"";"";"x";"x";"";"";"";"";"";"";"";"";"";""
"9004-41445";"stepdown-sdsr24>5";"MICRO";"";"";"";"";"";"";"x";"x";"x";"";"";"";"";"";"";"";"";"";"";"";"";"x";"x";"";"";"";"";"";"";"";"";"";""
"9010-19675";"KABEL";"MICRO";"";"Encoder";"";"";"";"";"x";"x";"x";"";"";"";"";"";"";"";"";"";"";"";"";"x";"x";"";"";"";"";"";"";"";"";"";""
"2063-20360";"Stick Assy";"STAGE";"";"";"";"";"";"x";"";"x";"x";"";"";"";"";"";"";"";"";"";"";"";"";"x";"";"";"";"";"x";"";"";"";"";"";""
"9010-23569";"Joystick";"STAGE";"";"";"";"";"";"x";"";"x";"x";"";"";"";"";"";"";"";"";"";"";"";"";"x";"";"";"";"";"x";"";"";"";"";"";""
"7500-42303";"LEITERPLATTE423";"STAGE";"";"";"";"";"";"x";"";"x";"x";"";"";"";"";"";"";"";"";"";"";"";"";"x";"";"";"";"";"x";"";"";"";"";"";""
"7401-40241";"Trackball";"STAGE";"";"";"";"";"";"x";"";"x";"x";"";"";"";"";"";"";"";"";"";"";"";"";"x";"";"";"";"";"x";"";"";"";"";"";""
"7400-01700";"BG-NANOMODUL164-256RAM";"STAGE";"";"";"";"";"";"x";"";"x";"x";"";"";"";"";"";"x";"";"";"";"";"";"";"x";"x";"";"";"";"x";"";"";"";"";"";""
"7473-00086";"Keypad Assy";"STAGE";"";"";"";"";"";"x";"";"x";"x";"";"";"";"";"";"";"";"";"";"";"";"";"x";"x";"";"";"";"x";"";"";"";"";"";""
"7500-42000";"MOTHERBOARD-BP";"STAGE";"";"";"";"";"";"x";"";"x";"x";"";"";"";"";"";"";"";"";"";"";"";"";"x";"x";"";"";"";"x";"";"";"";"";"";""
"7500-42400";"Trackball board";"STAGE";"";"";"";"";"";"x";"";"x";"x";"";"";"";"";"";"";"";"";"";"";"";"";"x";"x";"";"";"";"x";"";"";"";"";"";""
"7400-02040";"REPEATER";"DEDO";"";"";"";"";"";"";"";"";"";"";"";"";"";"";"";"";"";"";"";"";"";"";"";"";"";"";"";"";"";"";"";"";""
"7901-00030";"MERGERBOX";"EDGE";"";"";"";"";"";"";"";"x";"";"";"";"";"";"";"";"";"";"";"";"";"";"x";"";"";"x";"";"";"";"";"";"";"";""
"2017-10143";"BG-CMU-PC-SV-AXIO301-AEZ03";"CMU";"";"";"";"";"";"";"";"";"";"";"";"";"";"";"";"";"";"";"";"";"";"";"";"";"";"";"";"";"";"";"";"";""
"4096-05830";"KUGELSPANNSCHRAUBE";"Robot";"";"Robot level";"";"";"";"";"";"x";"x";"";"";"";"";"x";"x";"x";"";"x";"x";"";"x";"";"";"";"";"x";"";"";"";"";"";"";""
"4000-18242";"PREALIGNER-300MM-VAKUUM-SANKYO";"Robot";"";"";"";"";"";"";"";"x";"x";"";"";"";"";"x";"x";"x";"";"x";"x";"";"x";"";"";"";"";"x";"";"";"";"";"";"";""
"4000-08247";"ROBOT-SR8240-2005";"Robot";"";"Vacuum";"";"";"";"";"";"";"x";"";"";"";"";"";"";"x";"";"x";"x";"";"x";"x";"";"";"";"x";"";"";"";"";"";"";""
"4111-51213";"DROSSELVENTIL";"Robot";"";"exhaust";"";"";"";"";"";"";"x";"";"";"";"";"";"";"";"";"";"";"";"x";"";"";"";"";"x";"";"";"x";"";"";"";""
"7296-44870";"QUADBOX-4IEC";"";"";"";"";"";"";"x";"";"x";"x";"";"";"";"";"";"";"";"";"x";"";"";"";"x";"";"";"";"";"";"";"x";"";"";"";""
"4200-00001";"HOHLSCHLUESSEL";"";"S";"square Key";"";"";"";"x";"";"x";"x";"";"";"";"";"";"";"x";"";"";"";"";"x";"";"";"";"";"";"";"";"x";"";"";"";""
"7000-00080";"Service Removal Tool for PLCC EEPROM [service-removal-tool]";"Micro";"S";"";"";"";"";"";"x";"x";"x";"";"";"";"";"x";"";"x";"";"";"";"";"x";"";"x";"";"";"";"";"";"";"";"";"";""
"4000-08243";"Robot Controller";"Robot";"";"";"";"";"";"";"";"x";"x";"";"";"";"";"x";"x";"x";"";"x";"x";"";"";"x";"";"";"";"x";"";"";"";"";"";"";""
"4000-08254";"robot-sr8240-2014";"Robot";"";"";"";"";"";"";"";"";"x";"";"";"";"";"";"";"";"";"";"";"";"";"x";"";"";"";"x";"";"";"";"";"";"";""
"4000-08240";"robot-sr8240-1013";"Robot";"";"";"";"";"";"";"";"";"x";"";"";"";"";"";"";"";"";"";"";"";"";"x";"";"";"";"x";"";"";"";"";"";"";""
"4000-08248";"ROBOT-SR8240-2007";"Robot";"";"";"";"";"";"";"";"";"x";"";"";"";"";"";"";"";"";"";"";"";"";"x";"";"";"";"x";"";"";"";"";"";"";""
"4000-08250";"ROBOT-SR8240-2009";"Robot";"";"";"";"";"";"";"";"";"x";"";"";"";"";"";"";"";"";"";"";"";"";"x";"";"";"";"x";"";"";"";"";"";"";""
"4090-00015";"LENKROLLE";"";"T";"";"";"";"";"";"x";"x";"x";"";"";"";"";"";"";"";"";"";"";"";"x";"";"";"";"";"";"";"";"x";"";"";"";""
"7202-73415";"adap734-15hd";"";"";"";"";"";"x";"x";"x";"x";"x";"";"";"";"";"x";"x";"x";"x";"";"";"";"";"x";"";"";"";"";"";"x";"x";"";"";"";""
"7202-00530";"ADAP736-15HD";"";"";"";"";"";"x";"x";"x";"x";"x";"";"";"";"";"x";"x";"x";"x";"";"";"";"";"x";"";"";"";"";"";"x";"x";"";"";"";""
"7202-00516";"ADAP736-09";"";"";"";"";"";"x";"x";"x";"x";"x";"";"";"";"";"x";"x";"x";"x";"";"";"";"";"x";"";"";"";"";"";"x";"x";"";"";"";""
"4090-00004";"kegelpfanne 07420-0210 din6319-d-12 nirosta";"";"";"";"";"";"";"x";"";"x";"x";"";"";"";"";"x";"x";"x";"x";"x";"x";"";"x";"";"x";"x";"x";"";"x";"";"x";"";"";"";""
"4090-00005";"kugelscheibe 07420-0110 din6319-c-10.5 niro";"";"";"";"";"";"";"";"x";"x";"x";"";"";"";"";"";"";"";"";"";"x";"";"x";"";"x";"";"x";"";"x";"";"x";"";"";"";""
"4000-21103";"Tango stage controller";"Stage";"";"";"";"";"";"x";"";"x";"x";"";"";"";"";"";"";"";"";"";"";"";"";"x";"";"";"";"";"x";"";"";"";"";"";""
"4115-26062";"526062 festo befestigungswinkel ms4-wbm für[-10-]ms4-lr passend für befestigungsbohrungen der";"";"";"";"";"";"";"";"";"";"x";"";"";"";"";"";"";"";"";"";"";"";"x";"";"";"";"";"";"";"";"x";"";"";"";""
"4111-86138";"186138 festo (186-138)[-10-]l-steckverschraubung-qslv-g1/8-6";"";"";"";"";"";"";"";"";"x";"x";"";"";"";"";"x";"x";"x";"";"x";"x";"";"";"";"";"";"";"";"x";"";"x";"";"";"";""
"4111-53463";"RUECKSCHLAGVENTIL";"";"";"";"";"";"";"";"";"";"x";"";"";"";"";"";"x";"x";"";"x";"";"";"x";"";"";"";"";"";"x";"";"x";"";"";"";""
"4111-53372";"YSTECKVERBINDUNG";"";"";"";"";"";"";"";"";"x";"x";"";"";"";"";"";"";"";"x";"x";"";"";"x";"";"";"";"";"";"x";"";"x";"";"";"";""
"7500-67400";"LEITERPLATTE674.00";"Stage";"";"with Chuck";"";"";"";"";"";"";"x";"";"";"";"";"";"";"";"";"";"";"";"";"x";"";"";"";"";"x";"";"";"";"";"";""
"7500-36000";"ICFB Distribution Interface";"Chuck ICFB";"";"";"";"";"";"";"";"x";"x";"";"";"";"";"";"";"";"";"";"";"";"";"x";"";"";"";"";"x";"";"";"";"";"";""
"2017-27040";"BG-ELT-MIK-CHUCK-ZI";"";"";"";"";"";"";"";"";"";"x";"";"";"";"";"";"";"";"";"";"";"";"";"x";"";"";"";"";"x";"";"";"";"";"";""
"0017-20600";"KLOTZ2";"MICRO";"S";"Micro Head height adjustment, use with (1x 4096-06850, 2x DIN912 M5x50, 2x DIN125 A5,3) 2x needed per Tool";"";"";"";"";"";"";"x";"";"";"";"";"";"";"";"";"";"";"";"x";"";"";"";"";"";"";"";"x";"";"";"";""
"2017-20400";"Assembly balloon, complete";"Anti-Vibration";"";"use with 0017-20281";"";"";"";"";"";"";"x";"";"";"";"";"";"";"";"";"";"";"";"x";"";"";"";"";"";"";"";"x";"";"";"";""
"2017-20170";"BG-CHUCK-VARIO";"Chuck";"";"";"2017-20171";"";"";"";"";"";"x";"";"";"";"";"";"";"";"";"";"";"";"x";"";"";"";"";"";"x";"";"";"";"";"";""
"2017-20171";"BG-CHUCK-VARIO";"Chuck";"";"";"2017-20172";"";"";"";"";"";"x";"";"";"";"";"";"";"";"";"";"";"";"x";"";"";"";"";"";"x";"";"";"";"";"";""
"2017-20172";"BG-CHUCK-VARIO";"Chuck";"";"";"";"";"";"";"";"";"x";"";"";"";"";"";"";"";"";"";"";"";"x";"";"";"";"";"";"x";"";"";"";"";"";""
"2017-20421";"BG-SENSORHALTER-VARIO-CHUCK";"Chuck";"";"";"";"";"";"";"";"";"x";"";"";"";"";"";"";"";"";"";"";"";"x";"x";"";"";"";"";"x";"";"";"";"";"";""
"7600-06082";"sensor kapazitiv bcs d30t401-poc15c-ep02";"Chuck";"";"";"";"";"";"";"";"";"x";"";"";"";"";"";"x";"x";"";"";"";"";"";"x";"";"";"";"";"x";"";"";"";"";"";""
"4120-00008";"EINSCHRAUBWINKEL";"Chuck";"";"";"";"";"";"";"";"";"x";"";"";"";"";"";"";"x";"";"";"";"";"x";"";"";"";"";"";"x";"";"";"";"";"";""
"4120-00009";"EINSCHRAUBWINKEL";"Chuck";"";"";"";"";"";"";"";"";"x";"";"";"";"";"";"";"x";"";"";"";"";"x";"";"";"";"";"";"x";"";"";"";"";"";""
"4120-00010";"SCHRAUBVERBINDUNG";"Chuck";"";"";"";"";"";"";"";"";"x";"";"";"";"";"";"";"x";"";"";"";"";"x";"";"";"";"";"";"x";"";"";"";"";"";""
"4120-27432";"innenhülse smc tj-0425/00027432 für[";"Chuck";"";"";"";"";"";"";"";"";"x";"";"";"";"";"";"";"x";"";"";"";"";"x";"";"";"";"";"";"x";"";"";"";"";"";""
"2017-20460";"BG-MRZH-ANTIPAR-ZI";"Stage";"";"";"";"";"";"";"";"";"x";"";"";"";"";"";"";"";"";"";"";"";"x";"x";"";"";"";"";"x";"";"";"";"";"";""
"4045-77346";"LUEFTER414H-24V-1.6W-8100MIN";"Stage";"";"";"";"";"";"";"";"x";"x";"";"";"";"";"";"";"";"";"";"";"";"";"x";"";"";"";"";"x";"";"";"";"";"";""
"7500-03800";"LEITERPLATTE038";"Stage";"";"";"";"";"";"";"";"x";"x";"";"";"";"";"";"";"";"";"";"";"";"";"x";"";"";"";"";"x";"";"";"";"";"";""
"7600-60614";"LUEFTER614NGM";"Stage";"";"";"";"";"";"";"";"x";"x";"";"";"";"";"x";"";"";"";"";"";"";"";"x";"";"";"";"";"x";"";"";"";"";"";""
"9004-56566";"Air Cushion SLM M-3-A";"Anti-Vibration";"";"";"";"";"";"";"";"";"x";"";"";"";"";"";"";"";"";"";"";"";"x";"";"";"";"";"";"";"";"x";"";"";"";""
"2017-20411";"KABEL-DSCHALTER";"Chuck";"";"";"";"";"";"";"";"";"x";"";"";"";"";"";"";"";"";"";"";"";"";"x";"";"";"";"";"x";"";"";"";"";"";""
"4118-29027";"Pressure Sensor[-10-]Festo SDE5-V1-O-Q4-P-K";"Chuck ICFB";"";"";"";"";"";"";"";"x";"x";"";"";"";"";"";"x";"x";"";"";"";"";"";"x";"";"";"";"";"x";"";"";"";"";"";""
"2042-10120";"ENERGIEKETTE-BG-KOMPLETT";"Chuck";"";"";"";"";"";"";"";"x";"x";"";"";"";"";"";"";"";"";"";"";"";"x";"";"";"";"";"";"x";"";"";"";"";"";""
"7100-21003";"Anschlußelement für Energiekette,[-10-]Komplettsatz 080.16.12 igus";"Chuck";"";"";"";"";"";"";"";"x";"x";"";"";"";"";"";"";"";"";"";"";"";"x";"";"";"";"";"";"x";"";"";"";"";"";""
"7100-21006";"IGUS Energiekette 09.16.028.0, Länge520mm[-10-],26 Kettenglieder, Serie 09";"Chuck";"";"";"";"";"";"";"";"x";"x";"";"";"";"";"";"";"";"";"";"";"";"x";"";"";"";"";"";"x";"";"";"";"";"";""
"2042-10131";"Vacuum valve";"Chuck ICFB";"";"";"";"";"";"";"";"x";"x";"";"";"";"";"";"";"";"";"";"";"";"x";"x";"";"";"";"";"x";"";"";"";"";"";""
"4120-00011";"00289122 MAGNETVENTIL";"Chuck ICFB";"";"";"";"";"";"x";"";"x";"x";"";"";"";"";"x";"x";"x";"";"";"";"";"x";"x";"";"";"";"";"x";"";"";"";"";"";""
"4090-19500";"ORING019-5";"Anti-Vibration";"";"";"";"";"";"";"";"";"x";"";"";"";"";"";"";"";"";"";"";"";"x";"";"";"";"";"";"";"";"x";"";"";"";""
"4110-06841";"SCHALLDAEMPFER-U-1/8-B";"Anti-Vibration";"";"";"";"";"";"";"";"";"x";"";"";"";"";"";"";"";"";"";"";"";"x";"";"";"";"";"";"";"";"x";"";"";"";""
"4111-51687";"STECKVERBINDER-FUER-VENTILE";"Anti-Vibration Chuck";"";"";"";"";"";"";"";"";"x";"";"";"";"";"";"";"x";"";"";"";"";"";"x";"";"";"";"";"x";"";"x";"";"";"";""
"4111-52612";"DROSSELRUECKSCHLAGV";"Anti-Vibration";"";"";"";"";"";"";"";"";"x";"";"";"";"";"";"";"";"";"";"";"";"x";"";"";"";"";"";"";"";"x";"";"";"";""
"4111-53089";"LSTECKVERSCHR";"";"";"";"";"";"";"x";"";"x";"x";"";"";"";"";"x";"x";"x";"x";"x";"x";"";"x";"";"";"";"";"";"";"";"x";"";"";"";""
"4111-86140";"LSTECKVERSCHR";"";"";"";"";"";"";"x";"";"x";"x";"";"";"";"";"x";"x";"x";"x";"x";"x";"";"x";"";"";"";"";"";"";"";"x";"";"";"";""
"4111-86226";"mehrfachverteiler qslv2-g1/8-8[-10-]-0,95 bis 10bar druckluft g1/8 ";"";"";"";"";"";"";"x";"";"x";"x";"";"";"";"";"x";"x";"x";"x";"x";"x";"";"x";"";"";"";"";"";"";"";"x";"";"";"";""
"4111-88299";"CDA Cylinder";"Anti-Vibration";"";"";"";"";"";"";"";"";"x";"";"";"";"";"";"";"";"";"";"";"";"x";"";"";"";"";"";"";"";"x";"";"";"";""
"4115-75264";"CDA Valve";"Anti-Vibration";"";"";"";"";"";"";"";"";"x";"";"";"";"";"";"";"";"";"";"";"";"x";"";"";"";"";"";"";"";"x";"";"";"";""
"4115-76412";"FUSSBEFESTIGUNG-VAME-B10-20-A";"Anti-Vibration";"";"for 4115-75264";"";"";"";"";"";"";"x";"";"";"";"";"";"";"";"";"";"";"";"x";"";"";"";"";"";"";"";"x";"";"";"";""
"7300-50102";"Netzteil ML50.102 50W 12-15V/4,2A";"";"";"";"";"";"";"x";"";"x";"x";"";"";"";"";"";"";"";"";"";"";"";"";"x";"";"";"";"";"";"x";"";"";"";"";""
"9004-26726";"Microscope stage (300 mm, motorized)";"Stage";"";"";"";"";"";"";"";"x";"x";"";"";"";"";"";"";"";"";"";"";"";"x";"x";"";"";"";"";"x";"";"";"";"";"";""
"0017-12980";"ENERGIEKETTE-BEARB";"Stage";"";"";"";"";"";"";"";"x";"x";"";"";"";"";"";"";"";"";"";"";"";"x";"";"";"";"";"";"x";"";"";"";"";"";""
"0017-12780";"1 mm Offset Washer";"MICRO ICFB";"";"used with ICFB";"";"";"";"";"";"x";"x";"";"";"";"";"";"";"";"";"";"";"";"x";"";"x";"";"";"";"";"";"";"";"";"";""
"4096-05520";"KUGELSPANNSCHRAUBE";"Robot";"";"";"";"";"";"";"";"x";"x";"";"";"";"";"";"";"";"";"";"";"";"x";"";"";"";"";"x";"";"";"x";"";"";"";""
"4000-08242";"sankyo robot sr8240 system incl. flip-axis sc5000 cable set wo prealigner Sankyo SR8420 Robot System with Flip-Axis";"Robot";"";"";"";"";"";"";"";"x";"x";"";"";"";"";"";"x";"x";"";"";"";"";"";"";"";"";"";"x";"";"";"";"";"";"";""
"2042-10085";"ICFB, complete[-10-]incl. Frontside Chuck and Sensor ";"ICFB";"";"";"";"";"";"";"";"x";"x";"";"";"";"";"";"";"";"";"";"";"";"x";"x";"";"";"";"";"x";"";"";"";"";"";""
"4111-53070";"L-Steckverbindung QSL-4[-10-]FESTO-153070";"ICFB";"";"";"";"";"";"";"";"x";"x";"";"";"";"";"";"";"";"";"";"";"";"x";"";"";"";"";"";"x";"";"";"";"";"";""
"0050-00400";"chuck-level-schraube";"ICFB MICRO";"";"";"";"";"";"";"";"x";"x";"";"";"";"";"";"x";"x";"";"x";"x";"";"x";"";"x";"x";"x";"";"x";"";"x";"";"";"";""
"4020-01470";"druckfeder vd-147 en10270-3 1.4310[-10-]gutekunst";"ICFB";"";"";"";"";"";"";"";"x";"x";"";"";"";"";"";"";"";"";"";"";"";"x";"";"";"";"";"";"x";"";"";"";"";"";""
"4020-00450";"Zugfeder z-045i en10270-1-dh gutekunst";"ICFB";"";"";"";"";"";"";"";"x";"x";"";"";"";"";"";"";"";"";"";"";"";"x";"";"";"";"";"";"x";"";"";"";"";"";""
"2042-17132";"Sensor 4 ICFB";"ICFB";"";"";"";"";"";"";"";"x";"x";"";"";"";"";"";"";"";"";"";"";"";"";"x";"";"";"";"";"x";"";"";"";"";"";""
"7600-00006";"Sensor, induktiv BESR04KC-PSC15B-EV05";"ICFB";"";"";"";"";"";"x";"";"x";"x";"";"";"";"";"";"";"";"";"";"";"";"";"x";"";"";"";"";"x";"";"";"";"";"";""
"2042-17122";"Sensor 3 ICFB";"ICFB";"";"";"";"";"";"";"";"x";"x";"";"";"";"";"";"";"";"";"";"";"";"";"x";"";"";"";"";"x";"";"";"";"";"";""
"7600-00018";"induktiver sensor besr04kc-nsc15b-ev02[-10-]balluff rot schließer npn ";"ICFB";"";"";"";"";"";"";"";"x";"x";"";"";"";"";"";"";"";"";"";"";"";"";"x";"";"";"";"";"x";"";"";"";"";"";""
"2042-17081";"Sensor with cable[-10-]for Frontside Chuck";"ICFB";"";"";"";"";"";"";"";"x";"x";"";"";"";"";"";"";"";"";"";"";"";"";"x";"";"";"";"";"x";"";"";"";"";"";""
"7600-06081";"sensor kapazitiv sk1-15-30/4-p-b-s";"ICFB Chuck";"";"";"";"";"";"";"";"x";"x";"";"";"";"";"x";"";"";"";"";"";"";"";"x";"";"";"";"";"x";"";"";"";"";"";""
"2042-17061";"Vacuum switch";"ICFB";"";"";"";"";"";"";"";"x";"x";"";"";"";"";"";"";"";"";"";"";"";"x";"";"";"";"";"";"x";"";"";"";"";"";""
"2042-10042";"BG-SCHIEBERANTRIEB";"ICFB";"";"";"";"";"";"";"";"x";"x";"";"";"";"";"";"";"";"";"";"";"";"x";"x";"";"";"";"";"x";"";"";"";"";"";""
"2042-10023";"Frontside Chuck";"ICFB";"";"";"";"";"";"";"";"x";"x";"";"";"";"";"";"";"";"";"";"";"";"x";"";"";"";"";"";"x";"";"";"";"";"";""
"2042-17030";"BG-MOTOR2-MIT-KABEL";"ICFB";"";"";"";"";"";"";"";"x";"x";"";"";"";"";"";"";"";"";"";"";"";"x";"x";"";"";"";"";"x";"";"";"";"";"";""
"4050-11320";"motor-planetengetriebe-kombination faulhaber";"ICFB";"";"";"";"";"";"";"";"x";"x";"";"";"";"";"";"";"";"";"";"";"";"x";"x";"";"";"";"";"x";"";"";"";"";"";""
"4010-63374";"Synchronzahnriemen 6t2,5/180 mm";"ICFB";"";"";"";"";"";"";"";"x";"x";"";"";"";"";"";"";"";"";"";"";"";"x";"";"";"";"";"";"x";"";"";"";"";"";""
"4020-00420";"ZUGFEDER RZ-042FI[-10-]GUTEKUNST";"ICFB";"";"";"";"";"";"";"";"x";"x";"";"";"";"";"";"";"";"";"";"";"";"x";"";"";"";"";"";"x";"";"";"";"";"";""
"4020-00400";"ZUGFEDER RZ-040I[-10-]GUTEKUNST";"ICFB";"";"";"";"";"";"";"";"x";"x";"";"";"";"";"";"";"";"";"";"";"";"x";"";"";"";"";"";"x";"";"";"";"";"";""
"4020-00360";"ZUGFEDER RZ-036NI[-10-]GUTEKUNST ";"ICFB";"";"";"";"";"";"";"";"x";"x";"";"";"";"";"";"";"";"";"";"";"";"x";"";"";"";"";"";"x";"";"";"";"";"";""
"4020-00150";"ZUGFEDER RZ-015FI[-10-]GUTEKUNST ";"ICFB";"";"";"";"";"";"";"";"x";"x";"";"";"";"";"";"";"";"";"";"";"";"x";"";"";"";"";"";"x";"";"";"";"";"";""
"2042-17052";"Sensor 2 ICFB";"ICFB";"";"";"";"";"";"";"";"x";"x";"";"";"";"";"";"";"";"";"";"";"";"";"x";"";"";"";"";"x";"";"";"";"";"";""
"2042-17042";"Sensor 1 ICFB";"ICFB";"";"";"";"";"";"";"";"x";"x";"";"";"";"";"";"";"";"";"";"";"";"";"x";"";"";"";"";"x";"";"";"";"";"";""
"2042-00022";"BG-SCHLIESSER";"ICFB";"";"";"";"";"";"";"";"x";"x";"";"";"";"";"";"";"";"";"";"";"";"x";"x";"";"";"";"";"x";"";"";"";"";"";""
"2042-17020";"BG-MOTOR1-MIT-KABEL";"ICFB";"";"";"";"";"";"";"";"x";"x";"";"";"";"";"";"";"";"";"";"";"";"x";"x";"";"";"";"";"x";"";"";"";"";"";""
"4050-11321";"GETRIEBEMOTOR500LG";"ICFB";"";"";"";"";"";"";"";"x";"x";"";"";"";"";"";"";"";"";"";"";"";"x";"x";"";"";"";"";"x";"";"";"";"";"";""
"7430-05014";"ell-hdd-2tb-portable-usb3";"";"S";"for Backup AOI";"";"";"";"";"";"";"";"";"";"";"";"x";"x";"x";"x";"x";"x";"";"";"x";"";"";"";"";"";"x";"";"";"";"";""
"4001-44483";"Tray Top Cover";"LPM";"";"";"";"";"";"";"";"x";"x";"";"";"";"";"x";"x";"x";"";"x";"x";"";"x";"";"";"";"";"x";"";"";"";"";"";"";""
"2050-00420";"Service Cable (6pol) [service-cable-rs232-6pol]";"Chuck";"S";"";"";"";"";"";"";"";"";"";"";"";"";"x";"x";"x";"";"";"";"";"";"x";"";"";"";"";"x";"";"";"";"";"";""
"7473-91102";" Tastenkappe 1.25x";"";"";"";"";"";"";"x";"";"x";"x";"";"";"";"";"";"";"";"";"";"";"";"x";"";"x";"";"";"";"";"";"x";"";"";"";""
"4050-02642";"Rotation Motor only";"";"";"RAC300";"";"";"";"";"";"";"";"";"";"";"x";"";"";"";"";"";"";"";"x";"x";"";"x";"";"";"";"";"";"";"";"";""
"2018-00073";"Rotation Motor Assembly, complete";"";"";"RAC300";"";"";"";"";"";"";"";"";"";"";"x";"";"";"";"";"";"";"";"x";"";"";"x";"";"";"";"";"";"";"";"";""
"4050-22240";"Lift Motor only";"";"";"RAC300";"";"";"";"";"";"";"";"";"";"";"x";"";"";"";"";"";"";"";"x";"x";"";"x";"";"";"";"";"";"";"";"";""
"2018-00053";"Lift Motor Assembly, complet";"";"";"RAC300";"";"";"";"";"";"";"";"";"";"";"x";"";"";"";"";"";"";"";"x";"";"";"x";"";"";"";"";"";"";"";"";""
"";"";"";"";"";"";"";"";"";"";"";"";"";"";"";"";"";"";"";"";"";"";"";"";"";"";"";"";"";"";"";"";"";"";"";""
"";"Stand:  30.09.16  8:30";"";"";"";"";"";"";"";"";"";"";"";"";"";"";"";"";"";"";"";"";"";"";"";"";"";"";"";"";"";"";"";"";"";""
"";"";"";"";"";"";"";"";"";"";"";"";"";"";"";"";"";"";"";"";"";"";"";"";"";"";"";"";"";"";"";"";"";"";"";""
"";"Axs302 Vacuum + ICFB fertig";"";"";"";"";"";"";"";"";"";"";"";"";"";"";"";"";"";"";"";"";"";"";"";"";"";"";"";"";"";"";"";"";"";""
"";"";"";"";"";"";"";"";"";"";"";"";"";"";"";"";"";"";"";"";"";"";"";"";"";"";"";"";"";"";"";"";"";"";"";""
"";"";"";"";"";"";"";"";"";"";"";"";"";"";"";"";"";"";"";"";"";"";"";"";"";"";"";"";"";"";"";"";"";"";"";""
"";"";"";"";"";"";"";"";"";"";"";"";"";"";"";"";"";"";"";"";"";"";"";"";"";"";"";"";"";"";"";"";"";"";"";""
